{
  "epoch": [
    1,
    2,
    3,
    4,
    5,
    6,
    7,
    8
  ],
  "train_loss": [
    0.9333727794576574,
    0.6086789543187177,
    0.5386362821437695,
    0.5076874222843736,
    0.47820954307803404,
    0.46842269996360497,
    0.46018805075574803,
    0.45345933413505557
  ],
  "train_accuracy": [
    0.7044259259259259,
    0.7945555555555556,
    0.8170740740740741,
    0.8256111111111111,
    0.8372962962962963,
    0.8384259259259259,
    0.8418148148148148,
    0.844462962962963
  ],
  "val_loss": [
    0.6652605999310811,
    0.5664617559115092,
    0.5375937919616699,
    0.5101727353731791,
    0.4849076838493347,
    0.4779534583091736,
    0.4752680122057597,
    0.4647986652056376
  ],
  "val_accuracy": [
    0.7745,
    0.8088333333333333,
    0.8126666666666666,
    0.8161666666666667,
    0.8315,
    0.8358333333333333,
    0.8338333333333333,
    0.8346666666666667
  ],
  "learning_rate": [
    0.05,
    0.05,
    0.05,
    0.05,
    0.025,
    0.025,
    0.025,
    0.025
  ]
}