{
  "epoch": [
    1,
    2,
    3,
    4,
    5,
    6,
    7,
    8
  ],
  "train_loss": [
    0.8759678206620393,
    0.5789500357309977,
    0.5171835057823746,
    0.4875825678684093,
    0.46823735452581333,
    0.4598011138262572,
    0.45258636644151473,
    0.4466235903192449
  ],
  "train_accuracy": [
    0.7267592592592592,
    0.806962962962963,
    0.8257592592592593,
    0.8320925925925926,
    0.8391296296296297,
    0.8411851851851851,
    0.8431296296296297,
    0.8453703703703703
  ],
  "val_loss": [
    0.6354581735928854,
    0.5464656643867493,
    0.5138188619613647,
    0.49061988814671836,
    0.47589489761988324,
    0.4695361371040344,
    0.46483847268422446,
    0.45960431385040285
  ],
  "val_accuracy": [
    0.7925,
    0.8151666666666667,
    0.8176666666666667,
    0.8218333333333333,
    0.829,
    0.8311666666666667,
    0.8315,
    0.8341666666666666
  ],
  "learning_rate": [
    0.05,
    0.05,
    0.05,
    0.05,
    0.025,
    0.025,
    0.025,
    0.025
  ]
}