{
  "epoch": [
    1,
    2,
    3,
    4,
    5,
    6,
    7,
    8,
    9,
    10,
    11,
    12,
    13,
    14,
    15,
    16,
    17,
    18,
    19,
    20
  ],
  "train_loss": [
    0.7260836148791843,
    0.4995298483989857,
    0.4517100220344685,
    0.4329277344368122,
    0.4145567551277302,
    0.3869243614320402,
    0.38012408192952474,
    0.37523798742117703,
    0.37017580626629015,
    0.3653356674777137,
    0.3575969006397106,
    0.3551241836459548,
    0.3530122741504952,
    0.35096874603518735,
    0.34864108120953596,
    0.34533629003277533,
    0.34420863049118605,
    0.3434048380057017,
    0.34236410680523627,
    0.34122631439456236
  ],
  "train_accuracy": [
    0.757962962962963,
    0.8212037037037037,
    0.8393518518518519,
    0.8439629629629629,
    0.8508703703703704,
    0.8628518518518519,
    0.8644259259259259,
    0.8665555555555555,
    0.8673518518518518,
    0.8694814814814815,
    0.8727592592592592,
    0.8722407407407408,
    0.8736851851851852,
    0.8748148148148148,
    0.8760185185185185,
    0.8766666666666667,
    0.8768333333333334,
    0.8773333333333333,
    0.8778148148148148,
    0.8780370370370371
  ],
  "val_loss": [
    0.5368364872932434,
    0.46561837434768677,
    0.4530066119035085,
    0.43884957242012024,
    0.41417685039838154,
    0.3995385468006134,
    0.39880305584271747,
    0.39015471148490904,
    0.3841902695496877,
    0.37490532954533895,
    0.3738312173684438,
    0.36958857369422915,
    0.3712746288776398,
    0.36682219870885213,
    0.3647046405474345,
    0.36308752552668255,
    0.3635921145280202,
    0.36178586848576866,
    0.3612500294049581,
    0.3606633815765381
  ],
  "val_accuracy": [
    0.8061666666666667,
    0.8338333333333333,
    0.834,
    0.8355,
    0.849,
    0.8541666666666666,
    0.855,
    0.855,
    0.8608333333333333,
    0.8621666666666666,
    0.8616666666666667,
    0.8653333333333333,
    0.864,
    0.867,
    0.8655,
    0.8671666666666666,
    0.8665,
    0.8678333333333333,
    0.8678333333333333,
    0.8696666666666667
  ],
  "learning_rate": [
    0.1,
    0.1,
    0.1,
    0.1,
    0.1,
    0.05,
    0.05,
    0.05,
    0.05,
    0.05,
    0.025,
    0.025,
    0.025,
    0.025,
    0.025,
    0.0125,
    0.0125,
    0.0125,
    0.0125,
    0.0125
  ]
}