{
  "epoch": [
    1,
    2,
    3,
    4,
    5,
    6,
    7,
    8
  ],
  "train_loss": [
    0.7421043017175463,
    0.5197257916132609,
    0.47288950316994277,
    0.45380703825420804,
    0.42594720972025835,
    0.41815145250603003,
    0.4117184332476722,
    0.40663549632496304
  ],
  "train_accuracy": [
    0.7561666666666667,
    0.819462962962963,
    0.8348333333333333,
    0.8390925925925926,
    0.8499444444444444,
    0.852925925925926,
    0.8553888888888889,
    0.8578148148148148
  ],
  "val_loss": [
    0.5566839219729106,
    0.49001673523585004,
    0.4819323592185974,
    0.45427813386917115,
    0.4343798866271973,
    0.4290711976687113,
    0.4298966019948324,
    0.4198895321687063
  ],
  "val_accuracy": [
    0.8051666666666667,
    0.8255,
    0.8265,
    0.8328333333333333,
    0.8405,
    0.8446666666666667,
    0.8478333333333333,
    0.8486666666666667
  ],
  "learning_rate": [
    0.1,
    0.1,
    0.1,
    0.1,
    0.05,
    0.05,
    0.05,
    0.05
  ]
}