{
  "epoch": [
    1,
    2,
    3,
    4,
    5,
    6,
    7,
    8
  ],
  "train_loss": [
    1.172605229218801,
    0.7538860957710831,
    0.6542370784017775,
    0.5998403565442121,
    0.5707784100991709,
    0.5557511838895304,
    0.543234242103718,
    0.5323386403278069
  ],
  "train_accuracy": [
    0.6551296296296296,
    0.7567037037037037,
    0.7874074074074074,
    0.8030185185185185,
    0.8108148148148148,
    0.8152407407407407,
    0.8186481481481481,
    0.8209444444444445
  ],
  "val_loss": [
    0.8402434264818828,
    0.6937192455927531,
    0.6260884669621786,
    0.5862955581347148,
    0.5682429483731588,
    0.5558450179100036,
    0.5448574457168579,
    0.5358040239016215
  ],
  "val_accuracy": [
    0.733,
    0.7791666666666667,
    0.7948333333333333,
    0.8045,
    0.8088333333333333,
    0.8096666666666666,
    0.8125,
    0.816
  ],
  "learning_rate": [
    0.02,
    0.02,
    0.02,
    0.02,
    0.01,
    0.01,
    0.01,
    0.01
  ]
}