{
  "epoch": [
    1,
    2,
    3,
    4,
    5,
    6,
    7,
    8
  ],
  "train_loss": [
    0.7260836148791843,
    0.4995298483989857,
    0.4517100220344685,
    0.4329277344368122,
    0.4010336843331655,
    0.3924789116382599,
    0.3855759538191336,
    0.38035057869663946
  ],
  "train_accuracy": [
    0.757962962962963,
    0.8212037037037037,
    0.8393518518518519,
    0.8439629629629629,
    0.8579074074074075,
    0.8604444444444445,
    0.8622222222222222,
    0.8648518518518519
  ],
  "val_loss": [
    0.5368364872932434,
    0.46561837434768677,
    0.4530066119035085,
    0.43884957242012024,
    0.40925218351682024,
    0.40339830128351845,
    0.4035699038505554,
    0.39406701978047687
  ],
  "val_accuracy": [
    0.8061666666666667,
    0.8338333333333333,
    0.834,
    0.8355,
    0.8503333333333334,
    0.8531666666666666,
    0.8531666666666666,
    0.8535
  ],
  "learning_rate": [
    0.1,
    0.1,
    0.1,
    0.1,
    0.05,
    0.05,
    0.05,
    0.05
  ]
}