{
  "epoch": [
    1,
    2,
    3,
    4,
    5,
    6,
    7,
    8
  ],
  "train_loss": [
    1.1002891692938628,
    0.665577286614312,
    0.5720902111795213,
    0.5281495865186056,
    0.49734274824460345,
    0.4854459513293372,
    0.4756832699510786,
    0.4678169981991803
  ],
  "train_accuracy": [
    0.6654444444444444,
    0.7791111111111111,
    0.8088888888888889,
    0.8202592592592592,
    0.8313333333333334,
    0.8346296296296296,
    0.836925925925926,
    0.8387592592592592
  ],
  "val_loss": [
    0.7427141572634379,
    0.6063972190221151,
    0.5561041852633158,
    0.5242313311894735,
    0.49981904633839924,
    0.49118338759740193,
    0.4844907414118449,
    0.47641301107406614
  ],
  "val_accuracy": [
    0.7565,
    0.8001666666666667,
    0.8081666666666667,
    0.8111666666666667,
    0.8193333333333334,
    0.8238333333333333,
    0.828,
    0.8281666666666667
  ],
  "learning_rate": [
    0.02,
    0.02,
    0.02,
    0.02,
    0.01,
    0.01,
    0.01,
    0.01
  ]
}